<?xml version="1.0" encoding="utf-8" standalone="no" ?>
<modDesc descVersion="69">
    <author>tn4799</author>
    <version>1.1.0.0</version>

    <title>
        <en>Dynamic Mission Vehicles</en>
        <de>Dynamische Missionsfahrzeuge</de>
    </title>

    <description>
		<en>
<![CDATA[This mod improves the selection of the mission vehicles.
It also make sure, that custom fruits gets the correct tools.
It enables missions for every fruit type which has mission vehicles assigned.

For missions with earth fruits, the Multi Fruit Harvester Pack provides vehicles that can detect which earth fruits are installed on a map. The vehicles from the pack are offered as mission vehicles.
		
In the folder sdk you can find instructions on how to prepare your map for this mod.
		
For support and enhancement requests please open an issue over on <a href="https://github.com/tn4799/DynamicMissionVehicles/issues">Github</a>.
		
Changelog:
V1.0.1.0
- moved harvesting vehicles into separate mod and added it as a dependency

V1.1.0.0
- added support for mission vehicles from mod folder and dlcs]]>
		</en>
		<de>
<![CDATA[Dieser Mod verbessert die Auswahl der Missionsfahrzeuge des Spiels.
Außerdem bekommt man dadurch auch bei zusätzlich verbauten Früchten die passenden Fahrzeuge für die Missionen.
Damit man auch Missionen für zusätzliche Fruchtarten bekommt, aktiviert der Mod die Missionen für alle Früchte, für die es auch passende Missionsfahrzeuge gibt.

Für Missionen mit Erdfrüchten liefert das Multifrucht Ernter Paket Fahrzeuge, die selbst erkennen welche Erdfrüchte auf einer Karte verbaut sind. Die Fahrzeuge aus dem Pack werden als Missionsfahrzeuge angeboten.
	
Im Ordner sdk ist eine Anleitung, in der erklärt wird, wie man eine Map auf die Verwendung zusammen mit diesem Mod vorbereiten kann.
	
Für Supportanfragen und Verbesserungsvorschläge meldet euch bitte auf <a href="https://github.com/tn4799/DynamicMissionVehicles/issues">Github</a> mit einem Issue.
		
Changelog:
V1.0.1.0
- Erntefahrzeuge in einen extra Mod verschoben und diesen als Abhängigkeit eingefügt

V1.1.0.0
- Unterstützung für Missionsfahrzeuge aus Mods und Dlcs zu laden hinzugefügt]]>
		</de>
	</description>

	<dependencies>
		<dependency>FS22_MultiFruitHarvesterPack</dependency>
	</dependencies>

    <extraSourceFiles>
        <sourceFile filename="src/DynamicMissionVehicles.lua"/>
        <sourceFile filename="src/registerFruitTypeCategory.lua"/>
    </extraSourceFiles>

    <iconFilename>modIcon.dds</iconFilename>

    <multiplayer supported="true"/>
</modDesc>