<?xml version="1.0" encoding="utf-8" standalone="no" ?>
<modDesc descVersion="69">
    <author>tn4799</author>
    <version>1.0.1.0</version>

    <title>
        <en>Dynamic Mission Vehicles</en>
        <de>Dynamische Missionsfahrzeuge</de>
    </title>

    <description>
		<en>
<![CDATA[This mod improves the selection of the mission vehicles.
It also make sure, that custom fruits gets the correct tools.
It enables missions for every fruit type which has mission vehicles assigned.
		
The mod contains mission vehicles that work for every earth fruit.
		
In the folder sdk you can find instructions on how to prepare your map for this mod.
		
For support and enhancement requests please open an issue over on <a href="https://github.com/tn4799/DynamicMissionVehicles/issues">Github</a>.
		
Changelog:
V1.0.1.0
- moved harvesting vehicles into separate mod and added it as a dependency]]>
		</en>
		<de>
<![CDATA[Dieser Mod verbessert die Auswahl der Missionsfahrzeuge des Spiels.
Außerdem bekommt man dadurch auch bei zusätzlich verbauten Früchten die passenden Fahrzeuge für die Missionen.
Damit man auch Missionen für zusätzliche Fruchtarten bekommt, aktiviert der Mod die Missionen für alle Früchte, für die es auch passende Missionsfahrzeuge gibt.

Für Erdfrüchte enthält dieser Mod Missionsfahrzeuge, die für jede Art von Erdfrucht funktionieren.
	
Im Ordner sdk ist eine Anleitung, in der erklärt wird, wie man eine Map auf die Verwendung zusammen mit diesem Mod vorbereiten kann.
	
Für Supportanfragen und Verbesserungsvorschläge meldet euch bitte auf <a href="https://github.com/tn4799/DynamicMissionVehicles/issues">Github</a> mit einem Issue.
		
Changelog:
V1.0.1.0
- Erntefahrzeuge in einen extra Mod verschoben und diesen als Abhängigkeit eingefügt]]>
		</de>
		</description>

	<dependencies>
		<dependency>FS22_MultiFruitHarvesterPack</dependency>
	</dependencies>

    <iconFilename>modIcon.dds</iconFilename>

    <multiplayer supported="true"/>
</modDesc>
